1.0,  De VVD investeert in Rivierenland Rivierenland en de Betuwe veilig en bereikbaar Rivierenland en de Betuwe zijn belangrijke schakels tussen Rotterdam en het Ruhrgebied
1.0,  VVD Gelderland wil daarom investeren in bereikbaarheid.
1.0,  Daarom heb ik mijzelf namens de VVD kandidaat gesteld voor de Provinciale Staten in Gelderland.
0.0,  Bertens strandde vorig jaar in de tweede ronde bij het BNP Paribas Open, zoals het toernooi officieel heet. De Wateringse pakt daardoor punten voor de wereldranglijst.
0.0,  Dat levert haar maandag mogelijk de zesde plek op, maar daarbij is ze afhankelijk van Elina Svitolina en Angelique Kerber. Zij moeten hun vierderondepartij in Californië nog spelen.
1.0,  De VVD wil daarom meer ruimte geven om te bouwen.
1.0,  Wat heeft de ChristenUnie in de afgelopen jaren voor resultaten bereikt?
0.0,  Volgens de EASA kan op dit moment nog niet worden uitgesloten dat de oorzaken van beide vliegtuigongelukken hetzelfde zijn.

1.0,  De VVD investeert in Rivierenland Rivierenland en de Betuwe veilig en bereikbaar Rivierenland en de Betuwe zijn belangrijke schakels tussen Rotterdam en het Ruhrgebied
1.0,  VVD Gelderland wil daarom investeren in bereikbaarheid.
1.0,  Daarom heb ik mijzelf namens de VVD kandidaat gesteld voor de Provinciale Staten in Gelderland.
0.0,  Bertens strandde vorig jaar in de tweede ronde bij het BNP Paribas Open, zoals het toernooi officieel heet. De Wateringse pakt daardoor punten voor de wereldranglijst.
0.0,  Dat levert haar maandag mogelijk de zesde plek op, maar daarbij is ze afhankelijk van Elina Svitolina en Angelique Kerber. Zij moeten hun vierderondepartij in Californië nog spelen.
1.0,  De VVD wil daarom meer ruimte geven om te bouwen.
1.0,  Wat heeft de ChristenUnie in de afgelopen jaren voor resultaten bereikt?
0.0,  Volgens de EASA kan op dit moment nog niet worden uitgesloten dat de oorzaken van beide vliegtuigongelukken hetzelfde zijn.

1.0,  De VVD investeert in Rivierenland Rivierenland en de Betuwe veilig en bereikbaar Rivierenland en de Betuwe zijn belangrijke schakels tussen Rotterdam en het Ruhrgebied
1.0,  VVD Gelderland wil daarom investeren in bereikbaarheid.
1.0,  Daarom heb ik mijzelf namens de VVD kandidaat gesteld voor de Provinciale Staten in Gelderland.
0.0,  Bertens strandde vorig jaar in de tweede ronde bij het BNP Paribas Open, zoals het toernooi officieel heet. De Wateringse pakt daardoor punten voor de wereldranglijst.
0.0,  Dat levert haar maandag mogelijk de zesde plek op, maar daarbij is ze afhankelijk van Elina Svitolina en Angelique Kerber. Zij moeten hun vierderondepartij in Californië nog spelen.
1.0,  De VVD wil daarom meer ruimte geven om te bouwen.
1.0,  Wat heeft de ChristenUnie in de afgelopen jaren voor resultaten bereikt?
0.0,  Volgens de EASA kan op dit moment nog niet worden uitgesloten dat de oorzaken van beide vliegtuigongelukken hetzelfde zijn.


1.0,  De VVD investeert in Rivierenland Rivierenland en de Betuwe veilig en bereikbaar Rivierenland en de Betuwe zijn belangrijke schakels tussen Rotterdam en het Ruhrgebied
1.0,  VVD Gelderland wil daarom investeren in bereikbaarheid.
1.0,  Daarom heb ik mijzelf namens de VVD kandidaat gesteld voor de Provinciale Staten in Gelderland.
0.0,  Bertens strandde vorig jaar in de tweede ronde bij het BNP Paribas Open, zoals het toernooi officieel heet. De Wateringse pakt daardoor punten voor de wereldranglijst.
0.0,  Dat levert haar maandag mogelijk de zesde plek op, maar daarbij is ze afhankelijk van Elina Svitolina en Angelique Kerber. Zij moeten hun vierderondepartij in Californië nog spelen.
1.0,  De VVD wil daarom meer ruimte geven om te bouwen.
1.0,  Wat heeft de ChristenUnie in de afgelopen jaren voor resultaten bereikt?
0.0,  Volgens de EASA kan op dit moment nog niet worden uitgesloten dat de oorzaken van beide vliegtuigongelukken hetzelfde zijn.






